SET
  character_set_client = utf8mb4;

SET
  character_set_connection = utf8mb4;

SET
  character_set_results = utf8mb4;

-- エージェント情報サンプル
-- 8番:掲載期間外サンプル、9番:非公開設定サンプル
USE shukatsu;

INSERT INTO
  agents (
    id,
    agent_name,
    start_at,
    expires_at,
    publication,
    evaluation1,
    evaluation2,
    evaluation3,
    intro,
    paragraph1,
    paragraph2,
    paragraph3,
    paragraph4,
    paragraph5,
    paragraph6,
    paragraph7,
    url,
    email,
    tel
  )
VALUES
  (
    1,
    'Meets Companyのエージェント',
    '2022-01-01 00:00:00',
    '2025-08-31 23:59:59',
    1,
    5,
    3,
    5,
    '紹介文です',
    'エージェント',
    'パラグラフ２です',
    'パラグラフ３です',
    'パラグラフです',
    'パラグラフです',
    'パラグラフです',
    'パラグラフです',
    'https://discussion.meetscompany.jp/',
    'info@agent1.com',
    '03-1234-5678'
  ),
(
    2,
    'キャリアチケット',
    '2022-03-01 00:00:00',
    '2025-07-31 23:59:59',
    1,
    4,
    4,
    5,
    '紹介文です',
    'エージェント説明',
    'パラグラフ２です',
    'パラグラフ３です',
    'パラグラフです',
    'パラグラフです',
    'パラグラフです',
    'パラグラフです',
    'https://careerticket.jp/',
    'info@agent2.com',
    '03-1234-5678'
  ),
  (
    3,
    'irodasSALON',
    '2022-02-01 00:00:00',
    '2025-09-30 23:59:59',
    1,
    4,
    5,
    4,
    '紹介文です',
    'パラグラフ',
    'パラグラフ２です',
    'パラグラフ３です',
    'パラグラフです',
    'パラグラフです',
    'パラグラフです',
    'パラグラフです',
    'https://irodas.com/irodassalon/',
    'info@agent3.com',
    '03-1234-5678'
  ),
  (
    4,
    'アドプラ',
    '2022-05-01 00:00:00',
    '2025-09-30 23:59:59',
    1,
    3,
    4,
    3,
    '紹介文です',
    'パラグラフ１',
    'パラグラフ２です',
    'パラグラフ３です',
    'パラグラフです',
    'パラグラフです',
    'パラグラフです',
    'パラグラフです',
    'https://www.ap-net.co.jp/service-introduction/',
    'info@agent4.com',
    '03-1234-5678'
  ),
  (
    5,
    'キャリアスタート',
    '2022-04-01 00:00:00',
    '2025-12-31 23:59:59',
    1,
    5,
    4,
    4,
    '紹介文です',
    'パラグラフ１です',
    'パラグラフ２です',
    'パラグラフ３です',
    'パラグラフです',
    'パラグラフです',
    'パラグラフです',
    'パラグラフです',
    'https://careerstart.co.jp/',
    'info@agent5.com',
    '03-1234-5678'
  ),
  (
    6,
    'DiG UP CARRER',
    '2022-04-01 00:00:00',
    '2025-10-31 23:59:59',
    1,
    3,
    3,
    3,
    '紹介文です',
    'パラグラフ１です',
    'パラグラフ２です',
    'パラグラフ３です',
    'パラグラフです',
    'パラグラフです',
    'パラグラフです',
    'パラグラフです',
    'https://nas-inc.co.jp/lp/digupcareer/syukatuman.html',
    'info@agent6.com',
    '03-1234-5678'
  ),
  (
    7,
    'キャリセン就活エージェント',
    '2022-03-01 00:00:00',
    '2025-09-30 23:59:59',
    1,
    3,
    3,
    4,
    '紹介文です',
    'パラグラフ１です',
    'パラグラフ２です',
    'パラグラフ３です',
    'パラグラフです',
    'パラグラフです',
    'パラグラフです',
    'パラグラフです',
    'https://careecen-shukatsu-agent.com/lp/mendan/',
    'info@agent7.com',
    '03-1234-5678'
  ),
  (
    8,
    'Jobspring',
    '2022-01-01 00:00:00',
    '2022-04-30 23:59:59',
    1,
    3,
    3,
    5,
    '紹介文です',
    'パラグラフ１です',
    'パラグラフ２です',
    'パラグラフ３です',
    'パラグラフです',
    'パラグラフです',
    'パラグラフです',
    'パラグラフです',
    'https://jobspring.jp/lp/05/180',
    'info@agent8.com',
    '03-1234-5678'
  ),
  (
    9,
    'キャリアパーク就職エージェント',
    '2022-01-01 00:00:00',
    '2025-09-30 23:59:59',
    0,
    3,
    5,
    3,
    '紹介文です',
    'パラグラフ１です',
    'パラグラフ２です',
    'パラグラフ３です',
    'パラグラフです',
    'パラグラフです',
    'パラグラフです',
    'パラグラフです',
    'https://careerpark.jp/employ/event/2858/lps/275',
    'info@agent9.com',
    '03-1234-5678'
  ),
  (
    10,
    'マイナビ新卒紹介',
    '2022-01-01 00:00:00',
    '2025-09-30 23:59:59',
    1,
    4,
    3,
    4,
    '紹介文です',
    'パラグラフ１です',
    'パラグラフ２です',
    'パラグラフ３です',
    'パラグラフです',
    'パラグラフです',
    'パラグラフです',
    'パラグラフです',
    'https://shinsotsu.mynavi-agent.jp/',
    'info@agent10.com',
    '03-1234-5678'
  );

INSERT INTO
  agent_contract(
    company_name,
    agent_id,
    address,
    tel,
    pres_name,
    pic_name,
    pic_tel,
    pic_email,
    notification_email
  )
VALUES
  (
    1,
    '',
    '東京都品川区大崎 1-11-2 ゲートシティ大崎 イーストタワー10階',
    '03-5745-0200',
    '水谷 佑毅',
    'ちいかわ',
    '090-1234-5678',
    'agent1@test.com',
    'notification.agent1@test.com'
  ),
    (
    2,
    '',
    '東京都渋谷区渋谷2-24-12 渋谷スクランブルスクエア 24F・25F',
    '03-4455-9002',
    '岩槻 知秀',
    'ちいかわ',
    '090-1234-5678',
    'agent2@test.com',
    'notification.agent2@test.com'
  ),
    (
    3,
    '',
    '大阪府大阪市北区豊崎３丁目９−７ いずみビル7F',
    '06-6136-5608',
    '奈須 謙人',
    'ちいかわ',
    '090-1234-5678',
    'agent3@test.com',
    'notification.agent3@test.com'
  ),
    (
    4,
    '',
    '名古屋市瑞穂区妙音通4-29',
    '052-852-0570',
    '佐藤 一之',
    'ちいかわ',
    '090-1234-5678',
    'agent4@test.com',
    'notification.agent4@test.com'
  ),
    (
    5,
    '',
    '東京都港区新橋二丁目6番2号 新橋アイマークビル８階',
    '03-6271-8585',
    '下山 慶一郎',
    'ちいかわ',
    '090-1234-5678',
    'agent5@test.com',
    'notification.agent5@test.com'
  ),
    (
    6,
    '',
    '東京都渋谷区東3-14-15 MOビル9F',
    '080-4618-2189',
    '鎌田 睦',
    'ちいかわ',
    '090-1234-5678',
    'agent6@test.com',
    'notification.agent6@test.com'
  ),
    (
    7,
    'シンクトワイス株式会社',
    '東京都港区赤坂4-8-14 赤坂坂東ビルディング5階',
    '03-6825-5450',
    '猪俣 知明',
    'ちいかわ',
    '090-1234-5678',
    'agent7@test.com',
    'notification.agent7@test.com'
  ),
    (
    8,
    'HRクラウド株式会社',
    '東京都千代田区神田神保町2-5-3 北沢ビル8階A',
    '03-6261-5989',
    '中島 悠揮',
    'ちいかわ',
    '090-1234-5678',
    'agent8@test.com',
    'notification.agent8@test.com'
  ),
    (
    9,
    'ポート株式会社',
    '東京都新宿区西新宿8-17-1 住友不動産新宿グランドタワー12F',
    '03-5937-6731',
    '春日 博文',
    'ちいかわ',
    '090-1234-5678',
    'agent9@test.com',
    'notification.agent9@test.com'
  ),
    (
    10,
    '株式会社マイナビ',
    '東京都千代田区一ツ橋一丁目1番1号',
    '03-6267-4000',
    '土屋 芳明',
    'ちいかわ',
    '090-1234-5678',
    'agent10@test.com',
    'notification.agent10@test.com'
  );

INSERT INTO
  agent_tags (agent_id, tag_id)
VALUES
  (1, 1),
  (1, 4),
  (1, 6),
  (1, 19),
  (2, 2),
  (2, 6),
  (2, 9),
  (2, 13),
  (3, 5),
  (3, 8),
  (3, 9),
  (3, 10);
