SET
  character_set_client = utf8mb4;

SET
  character_set_connection = utf8mb4;

SET
  character_set_results = utf8mb4;

USE shukatsu;

-- エージェント情報サンプル
-- 8番:掲載期間外サンプル、9番:非公開設定サンプル

INSERT INTO
  agents (
    id,
    agent_name,
    start_at,
    expires_at,
    publication,
    evaluation1,
    evaluation2,
    evaluation3,
    intro,
    paragraph1,
    paragraph2,
    paragraph3,
    paragraph4,
    paragraph5,
    paragraph6,
    paragraph7,
    url,
    email,
    tel
  )
VALUES
  (
    1,
    'Meets Companyのエージェント',
    '2022-01-01 00:00:00',
    '2025-08-31 23:59:59',
    1,
    5,
    3,
    5,
    '「Meets Companyのエージェント」ならあなたにピッタリの東証プライム上場企業からベンチャー企業まで様々な企業をマッチング！私たちと一緒に就活を成功させましょう！',
    '本エージェントは、就活エージェントを利用しつつも合同説明会などの就活イベントにも積極的に参加したいという就活生にピッタリです！',
    '本エージェントの強みはなんと言っても全国３２拠点で開催されている合同説明会です。このようなイベントの開催回数は年間で1500回を超えており業界トップクラスの開催回数となっております。開催回数が多いので忙しい就活生でも日程調整が行いやすく、延べ18000人にものぼる就活生がイベントに参加しています。また、全国各地でイベントが開催されているので、地方の就活生でも参加しやすくなっております。',
    '大手から穴場な優良企業まで幅広い企業を紹介しています。また国内各地に拠点をもっているので、地方に所在する企業への紹介も行っております。一度問い合わせしていただければより詳しく企業を紹介致します。',
    '本エージェントの担当コンサルタントは、就活生との連絡手段としてLINEを利用しています。コンサルタントに相談したい疑問や悩みがちょっとしたことであるのに、面談を組むのは効率的ではありませんよね？また、電話で相談するのはハードルが高いと感じている就活生も多いかもしれませんね。本エージェントでは、このような心配は不要で、疑問や悩みができたらいつでも気軽にLINEで相談することが出来ます。',
    '本エージェントに登録いただければ、企業合同説明会などのイベントのご案内も致します！先にもあった通り、全国３２拠点で年間１５００回以上の就活イベントを開催しています。
    イベントでは、就活生が少人数グループに分かれてテーブルに座り、そのテーブルを企業の担当者が回るというシステムで、就活生が企業のブースを回る一般的な就活イベントより効率的です。少人数かつ座談会形式ということで、面接のようには堅苦しくない雰囲気の中で企業への理解を深められます。
    また、体育会系、理系など、就活生の属性に合わせたイベントも開催しております。遠方の就活生はオンラインでもイベントに参加できます。',
    'いかがだったでしょうか？就活エージェントと豊富なイベントがある本エージェントに興味を持っていただいた就活生のかたは是非お問い合わせしてみてください！',
    '実は管理人もこのエージェントを使って就活していました！！担当者の方も親身に相談に乗ってくださいました。
    しかし、イベントの参加企業が事前にわからない、大手企業が少ないなど気になる点もありました。',
    'https://discussion.meetscompany.jp/',
    'info@agent1.com',
    '03-1234-5678'
  ),
(
    2,
    'キャリアチケット',
    '2022-03-01 00:00:00',
    '2025-07-31 23:59:59',
    1,
    4,
    4,
    5,
    'キャリアチケットなら、やみくもに何社も受けず、内定が近づく！その秘密は…あなたの強みと企業のニーズをマッチさせる量より質の就活サポート。',
    '・たった一度しかない20代、生き生きと仕事ができる企業に会いたい
    ・いろんな業界の企業に効率よく話を聞きたい
    ・自分の価値観と志向性に合う企業と話をしたい
    ・自己分析のフィードバックがほしい
    ・早期に就活を終わらせたい',
    '合否の理由もわからないまま、何十社もの選考を受け続ける。やみくもな就活は、もう終わりにしよう。平均5社。価値観の合う、少数の企業の選考を受けるだけ。人事目線で面接アドバイスが受けられる。そんな新しい就活を、キャリアチケットが実現させます。',
    '金融・商社・ITからマスコミ・小売・官公庁まで、幅広い業界の求人を紹介しています。',
    '就活の軸に合っていて、しかも活躍できる。それが本当にあなたに合った会社です。私たちは独自に企業ヒアリングを行い、そこで活躍する人物像を明確にした会社だけをご紹介しています。だから、何十社もエントリーすることなく自分に合う企業に出会うことができるのです。
    せっかくマッチする会社に出会っても、内定が得られなければ意味がありません。そこで、企業別にES添削や面接対策を実施しています。その企業の人事や面接官が何を見ているのか？という観点から改善点をアドバイス。この対策で内定率が約78％向上することがわかっています。',
    '自己分析。企業を探す。選考の準備をする。これまでは、そのすべてを一人で行っていました。でも、もう一人ではありません。キャリア形成や企業の採用活動に精通したプロが、あなたの就職活動をすべて無料でサポート。就活を成功に導きます。',
    'ここまで呼んでいただきありがとうございました。就活生の皆さんからのお問い合わせお待ちしております。',
    '求人数が少なかったり、担当アドバイザーの当たりはずれがあるなどの評判もありますが、キャリアチケットさんはとても話を親身に聞いてくださるエージェントです。',
    'https://careerticket.jp/',
    'info@agent2.com',
    '03-1234-5678'
  ),
  (
    3,
    'irodasSALON',
    '2022-02-01 00:00:00',
    '2025-09-30 23:59:59',
    1,
    4,
    5,
    4,
    'いい会社じゃなく、いい人生に出逢える場所irodasSALONは、納得内定を目指す就活エージェントです。',
    'パラグラフ１です',
    'パラグラフ２です',
    'パラグラフ３です',
    'パラグラフです',
    'パラグラフです',
    'パラグラフです',
    'パラグラフです',
    'https://irodas.com/irodassalon/',
    'info@agent3.com',
    '03-1234-5678'
  ),
  (
    4,
    'アドプラ',
    '2022-05-01 00:00:00',
    '2025-09-30 23:59:59',
    1,
    3,
    4,
    3,
    '愛知/岐阜/三重での正社員就職/転職ならアドプラ！創業40年で積み上げた企業データを徹底公開。',
    'パラグラフ１です',
    'パラグラフ２です',
    'パラグラフ３です',
    'パラグラフです',
    'パラグラフです',
    'パラグラフです',
    'パラグラフです',
    'https://www.ap-net.co.jp/service-introduction/',
    'info@agent4.com',
    '03-1234-5678'
  ),
  (
    5,
    'キャリアスタート',
    '2022-04-01 00:00:00',
    '2025-12-31 23:59:59',
    1,
    5,
    4,
    4,
    '学生の就活のお悩み私たちキャリアスタートが解決します！まだまだ間に合うこれから就活を始める学生を徹底サポート！',
    'パラグラフ１です',
    'パラグラフ２です',
    'パラグラフ３です',
    'パラグラフです',
    'パラグラフです',
    'パラグラフです',
    'パラグラフです',
    'https://careerstart.co.jp/',
    'info@agent5.com',
    '03-1234-5678'
  ),
  (
    6,
    'DiG UP CARRER',
    '2022-04-01 00:00:00',
    '2025-10-31 23:59:59',
    1,
    3,
    3,
    3,
    'あなたらしく働ける企業を幅広くご紹介寄り添い型でとにかく支援が手厚い就活エージェントはDiG UP CAREERだけ。',
    'パラグラフ１です',
    'パラグラフ２です',
    'パラグラフ３です',
    'パラグラフです',
    'パラグラフです',
    'パラグラフです',
    'パラグラフです',
    'https://nas-inc.co.jp/lp/digupcareer/syukatuman.html',
    'info@agent6.com',
    '03-1234-5678'
  ),
  (
    7,
    'キャリセン就活エージェント',
    '2022-03-01 00:00:00',
    '2025-09-30 23:59:59',
    1,
    3,
    3,
    4,
    '「プロの視点」で始める就活支援サービス。採用コンサルタントが、じっくり1時間の個別面談。一人ひとりに合った納得内定獲得を徹底的にサポート。早期内定も可能！積極採用企業も多数。',
    'パラグラフ１です',
    'パラグラフ２です',
    'パラグラフ３です',
    'パラグラフです',
    'パラグラフです',
    'パラグラフです',
    'パラグラフです',
    'https://careecen-shukatsu-agent.com/lp/mendan/',
    'info@agent7.com',
    '03-1234-5678'
  ),
  (
    8,
    'Jobspring',
    '2022-01-01 00:00:00',
    '2022-04-30 23:59:59',
    1,
    3,
    3,
    5,
    '就活に跳躍を。イマドキ就活はあふれる情報と多くの選択肢で迷路状態だ。迷路を飛び越える「バネ」が、あなたには必要だ。',
    'パラグラフ１です',
    'パラグラフ２です',
    'パラグラフ３です',
    'パラグラフです',
    'パラグラフです',
    'パラグラフです',
    'パラグラフです',
    'https://jobspring.jp/lp/05/180',
    'info@agent8.com',
    '03-1234-5678'
  ),
  (
    9,
    'キャリアパーク就職エージェント',
    '2022-01-01 00:00:00',
    '2025-09-30 23:59:59',
    0,
    3,
    5,
    3,
    'キャリア特化型メディア「キャリアパーク」が運営する、就職活動を支援するサービスです。専属の就活アドバイザーが、就活対策から企業紹介、内定までをサポートします。',
    'パラグラフ１です',
    'パラグラフ２です',
    'パラグラフ３です',
    'パラグラフです',
    'パラグラフです',
    'パラグラフです',
    'パラグラフです',
    'https://careerpark.jp/employ/event/2858/lps/275',
    'info@agent9.com',
    '03-1234-5678'
  ),
  (
    10,
    'マイナビ新卒紹介',
    '2022-01-01 00:00:00',
    '2025-09-30 23:59:59',
    1,
    4,
    3,
    4,
    '就活に迷ったとき、頼れる人はいますか？キャリアアドバイザーと進める就活。日程調整や面接対策など二人三脚で就活をサポートします。',
    'パラグラフ１です',
    'パラグラフ２です',
    'パラグラフ３です',
    'パラグラフです',
    'パラグラフです',
    'パラグラフです',
    'パラグラフです',
    'https://shinsotsu.mynavi-agent.jp/',
    'info@agent10.com',
    '03-1234-5678'
  );

INSERT INTO
  agent_contract(
    agent_id,
    company_name,
    address,
    tel,
    pres_name,
    pic_name,
    pic_tel,
    pic_email,
    notification_email
  )
VALUES
  (
    1,
    '株式会社DYM',
    '東京都品川区大崎 1-11-2 ゲートシティ大崎 イーストタワー10階',
    '03-5745-0200',
    '水谷 佑毅',
    'ちいかわ',
    '090-1234-5678',
    'agent1@test.com',
    'notification.agent1@test.com'
  ),
    (
    2,
    'レバレジーズ株式会社',
    '東京都渋谷区渋谷2-24-12 渋谷スクランブルスクエア 24F・25F',
    '03-4455-9002',
    '岩槻 知秀',
    'ちいかわ',
    '090-1234-5678',
    'agent2@test.com',
    'notification.agent2@test.com'
  ),
    (
    3,
    '株式会社irodas',
    '大阪府大阪市北区豊崎３丁目９−７ いずみビル7F',
    '06-6136-5608',
    '奈須 謙人',
    'ちいかわ',
    '090-1234-5678',
    'agent3@test.com',
    'notification.agent3@test.com'
  ),
    (
    4,
    '株式会社アドプランナー',
    '名古屋市瑞穂区妙音通4-29',
    '052-852-0570',
    '佐藤 一之',
    'ちいかわ',
    '090-1234-5678',
    'agent4@test.com',
    'notification.agent4@test.com'
  ),
    (
    5,
    'キャリアスタート株式会社',
    '東京都港区新橋二丁目6番2号 新橋アイマークビル８階',
    '03-6271-8585',
    '下山 慶一郎',
    'ちいかわ',
    '090-1234-5678',
    'agent5@test.com',
    'notification.agent5@test.com'
  ),
    (
    6,
    'NaS株式会社',
    '東京都渋谷区東3-14-15 MOビル9F',
    '080-4618-2189',
    '鎌田 睦',
    'ちいかわ',
    '090-1234-5678',
    'agent6@test.com',
    'notification.agent6@test.com'
  ),
    (
    7,
    'シンクトワイス株式会社',
    '東京都港区赤坂4-8-14 赤坂坂東ビルディング5階',
    '03-6825-5450',
    '猪俣 知明',
    'ちいかわ',
    '090-1234-5678',
    'agent7@test.com',
    'notification.agent7@test.com'
  ),
    (
    8,
    'HRクラウド株式会社',
    '東京都千代田区神田神保町2-5-3 北沢ビル8階A',
    '03-6261-5989',
    '中島 悠揮',
    'ちいかわ',
    '090-1234-5678',
    'agent8@test.com',
    'notification.agent8@test.com'
  ),
    (
    9,
    'ポート株式会社',
    '東京都新宿区西新宿8-17-1 住友不動産新宿グランドタワー12F',
    '03-5937-6731',
    '春日 博文',
    'ちいかわ',
    '090-1234-5678',
    'agent9@test.com',
    'notification.agent9@test.com'
  ),
    (
    10,
    '株式会社マイナビ',
    '東京都千代田区一ツ橋一丁目1番1号',
    '03-6267-4000',
    '土屋 芳明',
    'ちいかわ',
    '090-1234-5678',
    'agent10@test.com',
    'notification.agent10@test.com'
  );

INSERT INTO
  agent_tags (agent_id, tag_id)
VALUES
  (1, 1),
  (1, 2),
  (1, 3),
  (1, 4),
  (1, 5),
  (1, 7),
  (1, 8),
  (1, 9),
  (1, 11),
  (1, 12),
  (1, 14),
  (1, 15),
  (1, 16),
  (1, 19),
  (2, 1),
  (2, 2),
  (2, 3),
  (2, 4),
  (2, 5),
  (2, 6),
  (2, 7),
  (2, 8),
  (2, 9),
  (2, 10),
  (2, 11),
  (2, 15),
  (2, 18),
  (2, 19),
  (3, 1),
  (3, 2),
  (3, 3),
  (3, 4),
  (3, 5),
  (3, 7),
  (3, 9),
  (3, 10),
  (3, 12),
  (3, 16),
  (3, 19),
  (4, 1),
  (4, 2),
  (4, 3),
  (4, 5),
  (4, 7),
  (4, 9),
  (4, 10),
  (4, 11),
  (4, 13),
  (4, 16),
  (4, 17),
  (4, 19),
  (5, 1),
  (5, 2),
  (5, 5),
  (5, 7),
  (5, 9),
  (5, 10),
  (5, 11),
  (5, 13),
  (5, 17),
  (5, 19),
  (6, 1),
  (6, 2),
  (6, 3),
  (6, 5),
  (6, 7),
  (6, 8),
  (6, 9),
  (6, 10),
  (6, 11),
  (6, 12),
  (6, 19),
  (7, 1),
  (7, 2),
  (7, 4),
  (7, 5),
  (7, 7),
  (7, 9),
  (7, 10),
  (7, 11),
  (7, 12),
  (7, 13),
  (7, 19),
  (8, 1),
  (8, 3),
  (8, 5),
  (8, 7),
  (8, 8),
  (8, 9),
  (8, 12),
  (8, 13),
  (8, 17),
  (8, 18),
  (8, 19),
  (9, 1),
  (9, 2),
  (9, 3),
  (9, 5),
  (9, 7),
  (9, 9),
  (9, 10),
  (9, 11),
  (9, 12),
  (9, 13),
  (9, 18),
  (9, 19),
  (10, 1),
  (10, 2),
  (10, 3),
  (10, 4),
  (10, 5),
  (10, 6),
  (10, 7),
  (10, 8),
  (10, 9),
  (10, 10),
  (10, 11),
  (10, 12),
  (10, 13),
  (10, 19);
